                  epoch,         train/box_loss,         train/cls_loss,         train/dfl_loss,   metrics/precision(B),      metrics/recall(B),       metrics/mAP50(B),    metrics/mAP50-95(B),           val/box_loss,           val/cls_loss,           val/dfl_loss,                 lr/pg0,                 lr/pg1,                 lr/pg2
                      1,                 3.2578,                 5.0189,                 4.1402,                0.00075,                0.38678,                  0.004,                0.00083,                 2.8608,                 4.5792,                 4.1026,              0.0004638,              0.0004638,              0.0004638
                      2,                   2.78,                 4.4105,                 3.5883,                0.02275,                0.20034,                0.02115,                 0.0051,                 2.4536,                 5.1576,                 3.3925,             0.00094007,             0.00094007,             0.00094007
                      3,                 2.6467,                 3.9284,                 3.3377,                0.45107,                0.29655,                0.11347,                  0.046,                 2.3005,                 20.388,                 4.2793,              0.0014161,              0.0014161,              0.0014161
                      4,                 2.5593,                 3.6869,                 3.1084,                0.39109,                0.33022,                 0.0807,                0.03595,                 2.1936,                 58.043,                  3.762,              0.0014282,              0.0014282,              0.0014282
                      5,                 2.4543,                 3.5442,                 3.0373,                0.40026,                0.19921,                0.08004,                0.02729,                 2.3505,                 6.8214,                  3.206,              0.0014282,              0.0014282,              0.0014282
                      6,                  2.293,                 3.4285,                  2.896,                0.37162,                0.27051,                0.03263,                 0.0081,                 2.5412,                 7.1699,                 3.5355,              0.0014276,              0.0014276,              0.0014276
                      7,                 2.2831,                 3.2148,                 2.8779,                0.19318,                0.40288,                0.17695,                0.07299,                 2.0762,                 6.1565,                 2.9253,              0.0014268,              0.0014268,              0.0014268
                      8,                 2.3317,                 3.1946,                 2.9549,                0.21175,                0.39621,                0.20096,                0.08224,                 2.1435,                 3.2909,                 2.9519,              0.0014259,              0.0014259,              0.0014259
                      9,                 2.1916,                 2.9647,                  2.844,                0.23495,                0.20928,                0.16807,                0.05732,                 2.2029,                 3.0844,                 3.0673,              0.0014247,              0.0014247,              0.0014247
                     10,                 2.1042,                 2.8425,                 2.7138,                0.20031,                0.33557,                0.12995,                0.05903,                 1.9619,                 3.2919,                 2.8014,              0.0014234,              0.0014234,              0.0014234
                     11,                 2.1482,                  2.798,                 2.7847,                0.29284,                 0.3392,                0.28134,                 0.1292,                 1.9222,                  2.787,                 2.6981,              0.0014219,              0.0014219,              0.0014219
                     12,                 2.0329,                 2.7043,                 2.6842,                0.27604,                0.16822,                0.21456,                0.10114,                 1.9216,                 2.8068,                 2.7818,              0.0014203,              0.0014203,              0.0014203
                     13,                 1.9147,                 2.5932,                 2.5659,                0.42994,                0.36776,                0.37147,                0.17611,                 1.8222,                 2.4316,                 2.6389,              0.0014185,              0.0014185,              0.0014185
                     14,                 1.9247,                 2.5228,                 2.5407,                0.28041,                0.42198,                0.31329,                0.15944,                 1.8743,                 2.5772,                 2.6273,              0.0014165,              0.0014165,              0.0014165
                     15,                 1.9139,                 2.5684,                 2.5244,                0.24015,                0.26493,                0.24799,                0.08744,                 2.1439,                 5.2172,                 2.8746,              0.0014143,              0.0014143,              0.0014143
                     16,                 1.8518,                 2.4617,                 2.4224,                0.30959,                0.37262,                0.41069,                0.16944,                 1.8962,                 2.7554,                 2.6231,               0.001412,               0.001412,               0.001412
                     17,                 1.8607,                 2.4718,                 2.4793,                0.45278,                0.41828,                0.44884,                0.24586,                 1.6941,                 2.1216,                 2.3831,              0.0014095,              0.0014095,              0.0014095
                     18,                 1.8758,                 2.3404,                 2.4404,                0.51649,                0.50348,                0.53401,                0.26299,                 1.7201,                 1.9614,                 2.4477,              0.0014068,              0.0014068,              0.0014068
                     19,                 1.8076,                 2.2861,                 2.4655,                0.44559,                0.41555,                0.41906,                0.19756,                 1.8611,                 2.4191,                 2.6287,              0.0014039,              0.0014039,              0.0014039
                     20,                 1.8208,                  2.324,                 2.4513,                0.44866,                0.57026,                0.49976,                0.25169,                 1.7013,                 2.2672,                 2.4595,              0.0014009,              0.0014009,              0.0014009
                     21,                 1.7192,                 2.1313,                 2.2946,                0.46412,                0.40678,                0.41711,                0.20657,                 1.8893,                 2.2991,                 2.6235,              0.0013977,              0.0013977,              0.0013977
                     22,                 1.7696,                 2.1212,                 2.3341,                0.55699,                0.59236,                0.59326,                0.31171,                  1.607,                 1.8789,                 2.3292,              0.0013944,              0.0013944,              0.0013944
                     23,                 1.7286,                 2.1152,                  2.321,                0.41266,                0.57253,                0.51757,                0.28238,                  1.621,                 1.9721,                 2.3259,              0.0013909,              0.0013909,              0.0013909
                     24,                 1.7073,                 2.0895,                 2.2758,                0.54328,                0.38354,                0.44904,                0.20965,                 1.8379,                 2.4473,                 2.5154,              0.0013872,              0.0013872,              0.0013872
                     25,                 1.7255,                 2.0632,                  2.275,                0.46705,                0.49723,                0.45002,                0.23577,                 1.6242,                 2.3861,                 2.3833,              0.0013833,              0.0013833,              0.0013833
                     26,                  1.732,                 2.0804,                 2.3086,                0.59291,                0.53582,                0.56217,                0.30332,                 1.6386,                  1.923,                 2.3773,              0.0013793,              0.0013793,              0.0013793
                     27,                 1.6648,                 1.9719,                 2.2357,                0.63767,                0.65151,                0.64193,                0.35695,                 1.5607,                 1.6983,                  2.314,              0.0013752,              0.0013752,              0.0013752
                     28,                 1.6563,                 2.0504,                 2.2185,                0.46108,                0.53943,                0.51241,                0.29209,                 1.6152,                 2.0514,                 2.3812,              0.0013708,              0.0013708,              0.0013708
                     29,                 1.6829,                 1.9591,                 2.2518,                 0.6875,                0.70749,                0.69364,                0.36699,                 1.5284,                 1.9137,                 2.2322,              0.0013663,              0.0013663,              0.0013663
                     30,                 1.6718,                 1.9635,                 2.2554,                0.57413,                 0.6184,                 0.6278,                0.33772,                 1.6235,                 1.8553,                 2.4078,              0.0013617,              0.0013617,              0.0013617
                     31,                 1.7177,                 1.9974,                 2.2712,                0.59509,                0.52782,                0.54661,                0.31179,                 1.5883,                  1.926,                 2.3596,              0.0013569,              0.0013569,              0.0013569
                     32,                 1.6104,                 1.9632,                 2.1883,                0.68055,                0.62477,                0.67413,                0.38897,                 1.5994,                  1.806,                  2.279,              0.0013519,              0.0013519,              0.0013519
                     33,                 1.5798,                  1.948,                 2.1589,                0.72694,                0.66514,                0.71714,                0.39084,                 1.5806,                 1.6778,                 2.2824,              0.0013468,              0.0013468,              0.0013468
                     34,                 1.6285,                 1.8692,                 2.1949,                0.77478,                0.63111,                0.71424,                0.39834,                 1.5646,                 1.5813,                 2.3322,              0.0013415,              0.0013415,              0.0013415
                     35,                 1.5917,                 1.8437,                 2.1272,                0.70478,                0.55087,                0.66285,                0.38219,                 1.5807,                 1.7366,                  2.315,              0.0013361,              0.0013361,              0.0013361
                     36,                 1.6055,                 1.9268,                 2.1759,                0.60251,                0.59252,                0.61071,                 0.3476,                 1.5199,                 2.0022,                 2.2805,              0.0013305,              0.0013305,              0.0013305
                     37,                 1.6283,                 1.8574,                 2.1635,                0.67833,                0.56659,                0.67622,                 0.3854,                 1.4846,                 1.6059,                 2.1592,              0.0013248,              0.0013248,              0.0013248
                     38,                 1.5907,                 1.7973,                 2.1242,                0.64532,                0.57117,                0.57902,                0.32977,                 1.6231,                 1.8175,                 2.3466,              0.0013189,              0.0013189,              0.0013189
                     39,                 1.5833,                  1.804,                 2.1214,                0.66695,                0.56656,                 0.6579,                0.38118,                 1.5782,                 1.7445,                 2.2967,              0.0013129,              0.0013129,              0.0013129
                     40,                 1.6084,                 1.7933,                 2.1668,                 0.6239,                0.71403,                0.73663,                0.43293,                 1.5264,                 1.5259,                 2.1831,              0.0013067,              0.0013067,              0.0013067
                     41,                 1.5418,                 1.6955,                 2.0818,                0.74646,                0.65479,                0.77131,                0.47136,                 1.4163,                 1.4354,                  2.138,              0.0013004,              0.0013004,              0.0013004
                     42,                 1.5248,                 1.6364,                 2.0951,                0.76777,                0.71732,                0.77722,                0.43858,                 1.5279,                 1.4049,                 2.2056,              0.0012939,              0.0012939,              0.0012939
                     43,                 1.5322,                 1.6246,                 2.0759,                0.62663,                0.73279,                0.74464,                0.43226,                 1.5299,                 1.5116,                 2.1543,              0.0012873,              0.0012873,              0.0012873
                     44,                  1.516,                 1.7152,                 2.0624,                 0.6979,                0.68897,                0.74111,                0.39177,                 1.5273,                 1.5656,                  2.213,              0.0012806,              0.0012806,              0.0012806
                     45,                 1.5511,                  1.618,                 2.0637,                 0.7724,                0.72562,                0.78591,                0.48281,                 1.4534,                 1.3726,                 2.0964,              0.0012737,              0.0012737,              0.0012737
                     46,                 1.4549,                 1.5582,                 1.9842,                0.72115,                 0.7321,                0.76676,                0.46848,                 1.4736,                 1.3321,                 2.1574,              0.0012667,              0.0012667,              0.0012667
                     47,                 1.5712,                 1.5817,                 2.0512,                0.76311,                0.74536,                 0.8166,                0.46873,                  1.431,                 1.3954,                 2.1371,              0.0012595,              0.0012595,              0.0012595
                     48,                 1.5071,                 1.5753,                 2.0408,                0.76636,                 0.6956,                0.80608,                0.46505,                 1.5737,                 1.3198,                 2.2052,              0.0012522,              0.0012522,              0.0012522
                     49,                 1.5161,                 1.5794,                 2.0219,                0.82996,                0.68152,                0.82773,                0.48844,                 1.4439,                 1.5302,                 2.1225,              0.0012448,              0.0012448,              0.0012448
                     50,                 1.4275,                 1.4848,                 1.9611,                0.80398,                0.75115,                0.83514,                0.46151,                 1.5336,                 1.2851,                  2.249,              0.0012373,              0.0012373,              0.0012373
                     51,                 1.4943,                 1.5334,                 2.0077,                0.82829,                0.75528,                0.79775,                 0.4518,                  1.519,                 1.2912,                 2.1886,              0.0012296,              0.0012296,              0.0012296
                     52,                 1.5334,                  1.563,                 2.0278,                0.87438,                0.70053,                 0.8275,                0.47385,                 1.5676,                 1.4911,                 2.2047,              0.0012218,              0.0012218,              0.0012218
                     53,                 1.4751,                 1.5188,                 1.9878,                0.83595,                0.75946,                0.83856,                0.49337,                  1.485,                   1.32,                 2.1203,              0.0012139,              0.0012139,              0.0012139
                     54,                 1.4556,                 1.5425,                 1.9809,                0.83164,                0.76446,                0.86033,                0.49272,                 1.5238,                 1.2767,                 2.1487,              0.0012059,              0.0012059,              0.0012059
                     55,                 1.4738,                 1.5744,                  1.996,                0.76985,                0.71362,                 0.7714,                 0.4612,                 1.4339,                 1.4176,                 2.0777,              0.0011977,              0.0011977,              0.0011977
                     56,                 1.4385,                 1.4843,                 1.9879,                0.84071,                0.83198,                0.86605,                0.51677,                 1.4548,                 1.1693,                 2.1326,              0.0011894,              0.0011894,              0.0011894
                     57,                 1.3898,                 1.4334,                 1.8883,                0.80705,                0.68928,                0.73741,                0.42411,                  1.435,                 1.4573,                 2.1053,               0.001181,               0.001181,               0.001181
                     58,                  1.447,                 1.4627,                 1.9763,                0.91941,                0.76339,                0.85328,                0.49895,                 1.4385,                  1.186,                 2.0663,              0.0011725,              0.0011725,              0.0011725
                     59,                 1.4261,                 1.4125,                 1.9285,                0.86799,                0.75118,                0.86472,                0.50436,                 1.4685,                 1.1632,                 2.1014,              0.0011639,              0.0011639,              0.0011639
                     60,                 1.4324,                 1.3917,                 1.9396,                0.80029,                0.79327,                0.86062,                0.52334,                  1.389,                 1.1163,                 2.0304,              0.0011552,              0.0011552,              0.0011552
                     61,                 1.4031,                 1.4659,                 1.9022,                0.85265,                 0.7699,                0.84298,                0.49794,                 1.4776,                 1.2517,                 2.0911,              0.0011464,              0.0011464,              0.0011464
                     62,                 1.4506,                 1.4083,                 1.9626,                0.80102,                0.75321,                0.80766,                0.45814,                 1.6249,                 1.4047,                 2.2422,              0.0011374,              0.0011374,              0.0011374
                     63,                 1.4562,                 1.4665,                 1.9599,                0.79714,                0.70732,                0.81844,                0.47738,                 1.4719,                  1.226,                 2.1515,              0.0011284,              0.0011284,              0.0011284
                     64,                 1.3854,                 1.3113,                 1.9057,                0.84491,                0.75775,                0.84749,                0.51689,                  1.426,                 1.2819,                 2.0678,              0.0011192,              0.0011192,              0.0011192
                     65,                 1.4185,                  1.375,                 1.9405,                0.85784,                0.82744,                0.89346,                0.53951,                 1.3756,                 1.0916,                 2.0214,                0.00111,                0.00111,                0.00111
                     66,                 1.4034,                 1.3519,                 1.9503,                0.89127,                0.78846,                0.87463,                0.49515,                 1.4991,                 1.1445,                 2.1143,              0.0011007,              0.0011007,              0.0011007
                     67,                 1.3918,                 1.4272,                 1.9235,                0.87371,                0.78828,                0.89439,                0.53047,                 1.4319,                 1.1469,                 2.0579,              0.0010912,              0.0010912,              0.0010912
                     68,                 1.4054,                  1.369,                 1.9185,                0.80457,                0.73517,                0.83254,                0.45115,                 1.6091,                 1.3558,                 2.2133,              0.0010817,              0.0010817,              0.0010817
                     69,                 1.4747,                 1.5012,                 1.9632,                0.89673,                0.80209,                0.91481,                0.54248,                 1.4229,                 1.0192,                 2.0904,              0.0010721,              0.0010721,              0.0010721
                     70,                 1.3692,                 1.3212,                 1.8782,                0.87173,                0.75947,                0.85559,                0.48848,                 1.4744,                 1.0848,                 2.1191,              0.0010624,              0.0010624,              0.0010624
                     71,                 1.3436,                 1.2606,                 1.8247,                0.84487,                0.80579,                0.87246,                0.50876,                 1.4917,                 1.0951,                  2.142,              0.0010526,              0.0010526,              0.0010526
                     72,                 1.2881,                 1.2546,                 1.8059,                0.82551,                0.82894,                 0.8947,                 0.5464,                 1.4352,                 1.0281,                 2.0535,              0.0010428,              0.0010428,              0.0010428
                     73,                 1.3666,                 1.3066,                 1.8692,                0.94537,                0.74192,                0.87614,                 0.5238,                 1.3751,                 1.0232,                 2.0413,              0.0010328,              0.0010328,              0.0010328
                     74,                 1.4113,                 1.3939,                 1.9408,                0.87715,                0.75368,                0.88368,                0.56348,                 1.3836,                 1.0783,                 2.0092,              0.0010228,              0.0010228,              0.0010228
                     75,                 1.3397,                 1.2691,                 1.8732,                 0.9296,                0.74658,                0.86788,                0.53404,                 1.4133,                 1.1091,                 2.0564,              0.0010127,              0.0010127,              0.0010127
                     76,                 1.3494,                 1.2857,                 1.8573,                0.92621,                0.80076,                0.89702,                 0.5277,                 1.4912,                 1.1412,                 2.1132,              0.0010026,              0.0010026,              0.0010026
                     77,                 1.3651,                 1.3001,                 1.8838,                0.86498,                0.80147,                0.86312,                0.51973,                 1.4304,                  1.217,                  2.059,             0.00099234,             0.00099234,             0.00099234
                     78,                 1.2891,                 1.2068,                  1.813,                0.87698,                 0.8115,                0.90915,                0.52425,                  1.442,                0.96966,                 2.1116,             0.00098204,             0.00098204,             0.00098204
                     79,                 1.3881,                 1.2775,                 1.8985,                0.92611,                0.82563,                0.91868,                0.55585,                 1.3825,                0.98555,                 2.0484,             0.00097168,             0.00097168,             0.00097168
                     80,                 1.2673,                 1.2627,                 1.7788,                0.96089,                0.86408,                0.94911,                0.59615,                  1.384,                0.88018,                 2.0192,             0.00096125,             0.00096125,             0.00096125
                     81,                  1.288,                  1.156,                 1.8029,                 0.8187,                  0.818,                0.89282,                0.54686,                 1.3853,                  1.003,                 1.9999,             0.00095077,             0.00095077,             0.00095077
                     82,                 1.3034,                 1.2347,                 1.8313,                0.85448,                0.70864,                0.84926,                0.50384,                 1.4549,                 1.0681,                 2.0811,             0.00094023,             0.00094023,             0.00094023
                     83,                 1.2942,                 1.2097,                 1.8141,                0.97895,                0.80516,                0.93429,                0.58423,                 1.3538,                0.87731,                 1.9936,             0.00092964,             0.00092964,             0.00092964
                     84,                 1.2305,                 1.1033,                 1.7576,                0.86752,                0.80863,                0.88835,                 0.5394,                 1.4252,                0.95496,                 2.0814,             0.00091899,             0.00091899,             0.00091899
                     85,                 1.3121,                 1.1815,                 1.8252,                0.83182,                0.83294,                0.91166,                0.57899,                 1.3517,                0.92588,                 1.9596,              0.0009083,              0.0009083,              0.0009083
                     86,                 1.2891,                 1.1945,                 1.7669,                0.94142,                0.81038,                0.92682,                0.55086,                 1.4549,                0.97134,                 2.1096,             0.00089756,             0.00089756,             0.00089756
                     87,                 1.2382,                 1.1854,                 1.7093,                0.92068,                0.81654,                0.91728,                0.58699,                 1.3256,                0.94923,                 1.9475,             0.00088677,             0.00088677,             0.00088677
                     88,                 1.2526,                 1.1315,                 1.7593,                0.89911,                0.87008,                0.93233,                0.57094,                 1.3796,                0.99197,                 2.0164,             0.00087595,             0.00087595,             0.00087595
                     89,                  1.317,                  1.214,                  1.817,                 0.8852,                0.79979,                0.90561,                0.53966,                 1.4204,                0.91854,                 2.1019,             0.00086509,             0.00086509,             0.00086509
                     90,                 1.2354,                 1.1095,                 1.7524,                0.95182,                0.82035,                 0.9276,                0.57143,                 1.3895,                0.95176,                 2.0154,             0.00085419,             0.00085419,             0.00085419
                     91,                 1.2662,                  1.197,                 1.7858,                 0.8623,                 0.8632,                0.93345,                0.60214,                 1.3696,                0.87718,                 1.9939,             0.00084326,             0.00084326,             0.00084326
                     92,                 1.2718,                  1.182,                  1.781,                0.88484,                0.86146,                0.93309,                0.59091,                 1.3637,                 0.8731,                 1.9993,              0.0008323,              0.0008323,              0.0008323
                     93,                 1.2805,                 1.2928,                 1.8022,                0.92953,                0.81393,                0.90568,                0.57119,                 1.3536,                0.86195,                 2.0249,             0.00082131,             0.00082131,             0.00082131
                     94,                 1.2951,                 1.1352,                 1.7618,                0.94222,                0.81277,                0.91311,                0.55518,                 1.4305,                0.98671,                 2.0585,              0.0008103,              0.0008103,              0.0008103
                     95,                 1.2609,                  1.157,                 1.7766,                0.93022,                0.84773,                0.94768,                0.58678,                 1.3503,                0.82987,                 1.9994,             0.00079927,             0.00079927,             0.00079927
                     96,                 1.3054,                 1.1146,                  1.809,                0.91655,                0.81847,                0.92682,                0.58011,                 1.3991,                0.88111,                 2.0561,             0.00078821,             0.00078821,             0.00078821
                     97,                 1.2312,                 1.1067,                 1.7158,                 0.9161,                0.86005,                0.93376,                0.56709,                 1.4371,                0.90375,                 2.0364,             0.00077714,             0.00077714,             0.00077714
                     98,                 1.2263,                 1.0702,                 1.7278,                0.87391,                0.90091,                0.93976,                0.58511,                  1.321,                0.82021,                 1.9856,             0.00076606,             0.00076606,             0.00076606
                     99,                 1.2584,                 1.1658,                 1.7684,                0.88115,                0.82903,                0.92274,                0.57162,                 1.3768,                0.92913,                 2.0335,             0.00075497,             0.00075497,             0.00075497
                    100,                 1.1585,                0.98542,                 1.6841,                0.92868,                0.83968,                0.93281,                 0.5693,                 1.3984,                0.92275,                 2.0353,             0.00074386,             0.00074386,             0.00074386
                    101,                 1.1789,                 1.0115,                 1.6669,                 0.9219,                0.86665,                0.94957,                 0.5963,                 1.3523,                 0.8277,                 2.0242,             0.00073276,             0.00073276,             0.00073276
                    102,                 1.1632,                 1.0215,                 1.6697,                0.91761,                0.88944,                0.94371,                0.57748,                 1.4237,                0.79041,                 2.0678,             0.00072165,             0.00072165,             0.00072165
                    103,                 1.2632,                 1.0819,                 1.7364,                  0.901,                0.83308,                0.92699,                0.54994,                 1.4357,                0.88328,                 2.1018,             0.00071053,             0.00071053,             0.00071053
                    104,                  1.214,                 1.0548,                 1.7193,                0.95808,                0.86595,                0.94419,                0.60501,                 1.3283,                0.79441,                 1.9878,             0.00069943,             0.00069943,             0.00069943
                    105,                 1.1943,                0.99177,                 1.7198,                0.92482,                0.89029,                0.95001,                0.56022,                 1.4569,                 0.8022,                 2.1249,             0.00068832,             0.00068832,             0.00068832
                    106,                 1.2643,                 1.0529,                 1.7187,                0.97132,                0.83722,                0.94819,                0.59989,                 1.3205,                0.76377,                 1.9607,             0.00067723,             0.00067723,             0.00067723
                    107,                 1.2138,                 1.0585,                 1.7264,                0.89744,                0.86994,                0.93458,                0.57652,                 1.3486,                0.85901,                 2.0145,             0.00066615,             0.00066615,             0.00066615
                    108,                 1.1573,                0.98036,                 1.6327,                0.88774,                0.86213,                0.94197,                0.57534,                 1.3676,                0.85871,                 2.0442,             0.00065508,             0.00065508,             0.00065508
                    109,                 1.1742,                 1.0001,                 1.6281,                0.87352,                0.82959,                0.91826,                0.58335,                 1.3689,                0.83989,                 2.0324,             0.00064402,             0.00064402,             0.00064402
                    110,                 1.1676,                 1.0055,                 1.6611,                0.87936,                0.82454,                0.91286,                0.54629,                 1.3675,                0.84664,                 2.0517,             0.00063299,             0.00063299,             0.00063299
                    111,                 1.1169,                  1.013,                 1.6497,                 0.9319,                0.87088,                0.92615,                0.58307,                 1.3541,                0.88279,                 1.9993,             0.00062198,             0.00062198,             0.00062198
                    112,                 1.1806,                 1.0153,                 1.6848,                0.94691,                0.88773,                0.93503,                0.60663,                  1.311,                0.79877,                 1.9657,             0.00061099,             0.00061099,             0.00061099
                    113,                 1.1664,                 1.0226,                 1.6733,                0.91648,                0.90241,                0.95773,                0.61314,                 1.3197,                 0.7595,                  1.986,             0.00060003,             0.00060003,             0.00060003
                    114,                 1.1015,                0.99147,                 1.6364,                0.93627,                0.87853,                0.95817,                0.61407,                 1.3414,                0.73306,                 1.9807,              0.0005891,              0.0005891,              0.0005891
                    115,                 1.1152,                0.93381,                 1.6125,                0.90467,                0.88738,                0.94919,                0.59646,                 1.3755,                0.78141,                 2.0213,              0.0005782,              0.0005782,              0.0005782
                    116,                 1.1157,                0.98271,                 1.6263,                0.91481,                0.84274,                0.93947,                0.57716,                 1.3779,                0.81142,                  2.019,             0.00056734,             0.00056734,             0.00056734
                    117,                  1.083,                 1.0738,                 1.5917,                0.87993,                0.84137,                0.93727,                0.59779,                 1.3408,                0.75315,                 2.0425,             0.00055652,             0.00055652,             0.00055652
                    118,                 1.0878,                0.92606,                 1.5857,                0.90103,                 0.8741,                0.94056,                0.61121,                 1.3066,                0.75935,                 1.9634,             0.00054573,             0.00054573,             0.00054573
                    119,                   1.15,                 0.9769,                 1.6739,                0.89896,                0.83207,                0.92775,                 0.5575,                 1.4205,                0.85248,                 2.1136,             0.00053499,             0.00053499,             0.00053499
                    120,                 1.1333,                0.92985,                 1.6651,                0.95792,                0.87325,                0.94769,                0.62264,                 1.2961,                  0.796,                 1.9158,              0.0005243,              0.0005243,              0.0005243
                    121,                 1.0743,                0.93145,                 1.5895,                0.86547,                 0.8781,                0.94102,                0.59859,                 1.3501,                0.76155,                 2.0016,             0.00051365,             0.00051365,             0.00051365
                    122,                  1.083,                0.90329,                 1.6158,                0.87435,                  0.837,                0.91813,                0.57786,                 1.3613,                0.81901,                 1.9972,             0.00050306,             0.00050306,             0.00050306
                    123,                  1.117,                0.93086,                 1.5984,                 0.8788,                0.80663,                0.90154,                0.58455,                 1.3225,                0.86915,                 2.0191,             0.00049252,             0.00049252,             0.00049252
                    124,                 1.1162,                 1.0032,                 1.6512,                0.90385,                0.92727,                0.95451,                0.63307,                 1.2883,                0.72787,                 1.9202,             0.00048204,             0.00048204,             0.00048204
                    125,                  1.053,                0.91491,                 1.5905,                0.90645,                0.79851,                0.90543,                 0.5582,                 1.3709,                 0.8878,                 2.0039,             0.00047161,             0.00047161,             0.00047161
                    126,                 1.1169,                0.95187,                 1.6171,                0.92952,                 0.8558,                0.95428,                0.59839,                 1.3297,                0.74265,                 2.0088,             0.00046125,             0.00046125,             0.00046125
                    127,                 1.0654,                0.91901,                 1.5885,                0.91782,                0.85929,                0.94424,                0.59236,                 1.3713,                 0.7654,                 2.0585,             0.00045095,             0.00045095,             0.00045095
                    128,                  1.074,                0.88567,                 1.5822,                0.92782,                0.85212,                0.95244,                0.61426,                 1.3235,                0.76667,                 1.9332,             0.00044072,             0.00044072,             0.00044072
                    129,                 1.0397,                0.87865,                 1.5372,                0.89246,                0.87771,                0.94067,                0.60253,                  1.337,                0.71823,                 2.0183,             0.00043056,             0.00043056,             0.00043056
                    130,                 1.0474,                0.89176,                 1.5785,                0.91796,                0.90736,                0.95671,                0.59141,                 1.3567,                0.70984,                 2.0513,             0.00042047,             0.00042047,             0.00042047
                    131,                 1.0158,                0.83268,                 1.5536,                0.89025,                0.92543,                 0.9617,                0.60441,                 1.3452,                0.68276,                 2.0284,             0.00041045,             0.00041045,             0.00041045
                    132,                 1.0385,                0.86195,                 1.5682,                0.89568,                0.91869,                0.95635,                0.61292,                 1.3369,                0.72409,                 2.0458,             0.00040051,             0.00040051,             0.00040051
                    133,                 1.0197,                0.82394,                 1.5181,                0.89056,                0.87941,                0.93935,                0.59062,                 1.3484,                0.72497,                 2.0362,             0.00039065,             0.00039065,             0.00039065
                    134,                 1.0392,                0.82453,                 1.5536,                0.90663,                0.90047,                0.95695,                0.62115,                 1.3215,                0.70972,                 1.9972,             0.00038087,             0.00038087,             0.00038087
                    135,                 1.0453,                0.85746,                 1.5875,                 0.8815,                0.92291,                0.94546,                0.60256,                 1.3313,                0.72935,                 2.0451,             0.00037118,             0.00037118,             0.00037118
                    136,                 0.9811,                0.85076,                 1.4907,                0.87858,                0.90612,                0.96117,                0.60686,                 1.3596,                0.70004,                 2.0903,             0.00036157,             0.00036157,             0.00036157
                    137,                0.95996,                0.78103,                 1.4941,                0.90634,                0.85971,                0.94676,                0.62211,                 1.2843,                0.69919,                 1.9949,             0.00035205,             0.00035205,             0.00035205
                    138,                0.98336,                0.79516,                 1.5271,                0.93486,                0.88626,                 0.9569,                0.62379,                 1.2609,                0.66206,                 1.9474,             0.00034263,             0.00034263,             0.00034263
                    139,                0.98912,                0.81828,                 1.5091,                0.87039,                0.90759,                0.95159,                0.61469,                 1.3141,                0.71496,                 1.9899,             0.00033329,             0.00033329,             0.00033329
                    140,                0.98893,                0.85974,                 1.4929,                0.88458,                0.90551,                0.95489,                0.62296,                 1.2964,                0.70014,                 1.9941,             0.00032405,             0.00032405,             0.00032405
                    141,                0.97617,                0.80283,                 1.5033,                0.94691,                0.93317,                0.96287,                0.61765,                 1.2989,                0.68831,                 1.9997,             0.00031491,             0.00031491,             0.00031491
                    142,                0.94789,                0.79944,                 1.4763,                0.86603,                0.92654,                0.94282,                0.61368,                  1.298,                0.70532,                 2.0171,             0.00030587,             0.00030587,             0.00030587
                    143,                0.97748,                0.80102,                 1.5042,                0.91901,                0.90439,                0.95941,                0.61846,                  1.312,                0.70056,                 2.0303,             0.00029693,             0.00029693,             0.00029693
                    144,                0.94599,                0.79556,                 1.4463,                0.94341,                0.86336,                0.95051,                0.58681,                 1.3935,                0.74072,                 2.1295,              0.0002881,              0.0002881,              0.0002881
                    145,                0.99561,                0.82106,                 1.5171,                0.89948,                0.84066,                0.93921,                0.60492,                  1.316,                0.75073,                 2.0428,             0.00027938,             0.00027938,             0.00027938
                    146,                0.94948,                0.80823,                 1.4699,                0.93004,                0.92597,                0.95888,                0.63128,                 1.2837,                0.68131,                 1.9997,             0.00027076,             0.00027076,             0.00027076
                    147,                0.93016,                0.75227,                 1.4543,                 0.9291,                0.88873,                0.94445,                0.61581,                 1.3153,                0.75369,                 2.0604,             0.00026225,             0.00026225,             0.00026225
                    148,                0.96097,                0.79482,                 1.5266,                 0.8898,                0.82198,                0.93122,                0.61276,                 1.3019,                0.75804,                 2.0333,             0.00025386,             0.00025386,             0.00025386
                    149,                0.94133,                0.80145,                 1.4639,                0.92873,                0.85056,                0.94582,                 0.6236,                 1.2962,                0.70854,                 2.0269,             0.00024559,             0.00024559,             0.00024559
                    150,                0.96756,                0.80926,                  1.499,                0.89575,                0.91204,                0.94792,                0.62315,                 1.2965,                0.69389,                 2.0086,             0.00023743,             0.00023743,             0.00023743
                    151,                0.88992,                0.74132,                  1.429,                 0.9083,                0.94671,                 0.9653,                0.63916,                 1.3015,                0.64445,                 2.0051,             0.00022939,             0.00022939,             0.00022939
                    152,                0.94579,                0.79244,                 1.4813,                0.88729,                0.92434,                0.95031,                0.62689,                  1.286,                0.68441,                 2.0166,             0.00022147,             0.00022147,             0.00022147
                    153,                0.89976,                 0.7439,                 1.4341,                0.92606,                 0.9095,                0.95556,                0.62657,                 1.2888,                0.64038,                  2.029,             0.00021367,             0.00021367,             0.00021367
                    154,                0.88685,                0.73817,                 1.4163,                0.92259,                0.93027,                0.95694,                0.63304,                 1.2868,                0.65158,                 1.9958,             0.00020601,             0.00020601,             0.00020601
                    155,                0.92956,                 0.7648,                 1.4624,                0.91129,                0.87485,                0.94714,                0.61088,                 1.2981,                0.71023,                 2.0067,             0.00019846,             0.00019846,             0.00019846
                    156,                0.88019,                0.74585,                 1.4487,                0.97997,                0.83607,                0.95542,                0.63122,                 1.2862,                0.69995,                 2.0126,             0.00019105,             0.00019105,             0.00019105
                    157,                0.91879,                0.76094,                 1.4568,                0.94488,                0.91237,                0.96248,                0.62186,                 1.3029,                0.63949,                 2.0478,             0.00018377,             0.00018377,             0.00018377
                    158,                0.92567,                0.76557,                 1.4682,                0.91901,                0.88337,                0.95385,                0.61694,                 1.2898,                0.67642,                 2.0507,             0.00017662,             0.00017662,             0.00017662
                    159,                0.91729,                0.76987,                 1.4466,                0.95615,                0.87281,                0.96176,                 0.6206,                 1.3059,                0.66315,                 2.0384,              0.0001696,              0.0001696,              0.0001696
                    160,                0.90713,                0.75575,                 1.4531,                0.91822,                0.92721,                0.96279,                 0.6194,                 1.2929,                0.65645,                 2.0194,             0.00016272,             0.00016272,             0.00016272
                    161,                0.90447,                 0.7244,                 1.4365,                0.95867,                0.89522,                0.96385,                0.62606,                 1.2914,                0.64713,                 1.9933,             0.00015598,             0.00015598,             0.00015598
                    162,                0.89484,                0.71749,                 1.4223,                0.91706,                0.89717,                0.95147,                0.61475,                 1.2942,                0.68839,                 2.0082,             0.00014938,             0.00014938,             0.00014938
                    163,                0.85804,                  0.694,                 1.3863,                0.93852,                0.89584,                0.96135,                0.62571,                 1.2942,                0.67686,                 2.0058,             0.00014292,             0.00014292,             0.00014292
                    164,                0.90226,                0.74896,                 1.4271,                0.93032,                0.88909,                 0.9493,                0.63339,                  1.278,                0.67677,                 1.9754,             0.00013661,             0.00013661,             0.00013661
                    165,                 0.8311,                0.72865,                 1.3462,                0.94722,                0.88948,                0.96099,                0.64041,                 1.2781,                0.64069,                 1.9893,             0.00013043,             0.00013043,             0.00013043
                    166,                 0.8794,                0.73262,                 1.4446,                0.94076,                0.90393,                 0.9645,                0.62899,                 1.3112,                0.63855,                 2.0545,             0.00012441,             0.00012441,             0.00012441
                    167,                0.85277,                0.71045,                 1.4059,                0.95704,                0.86798,                0.96033,                0.62017,                 1.3014,                 0.6507,                 2.0259,             0.00011853,             0.00011853,             0.00011853
                    168,                0.84707,                0.76069,                 1.3752,                0.91226,                0.92689,                0.96198,                0.62534,                 1.2836,                 0.6641,                  2.048,             0.00011279,             0.00011279,             0.00011279
                    169,                0.85374,                0.72022,                 1.4079,                0.96226,                0.88818,                0.96253,                0.63448,                 1.2856,                0.64747,                 2.0377,             0.00010721,             0.00010721,             0.00010721
                    170,                0.86421,                0.73697,                 1.4057,                0.94717,                0.87038,                0.96073,                0.63731,                 1.2827,                0.66255,                 2.0471,             0.00010179,             0.00010179,             0.00010179
                    171,                 0.8577,                0.71297,                 1.3841,                0.93662,                0.87137,                0.95573,                 0.6323,                 1.2805,                0.66564,                 2.0239,             9.6509e-05,             9.6509e-05,             9.6509e-05
                    172,                0.86915,                 0.7773,                 1.4537,                0.93853,                0.88774,                0.95484,                0.63142,                 1.2778,                0.64312,                 2.0387,             9.1387e-05,             9.1387e-05,             9.1387e-05
                    173,                0.85162,                0.71304,                 1.3899,                0.91828,                 0.8957,                0.96026,                 0.6324,                 1.2996,                0.65222,                 2.0577,             8.6421e-05,             8.6421e-05,             8.6421e-05
                    174,                0.84464,                0.70823,                 1.3789,                0.94412,                0.92044,                0.96419,                 0.6259,                 1.2986,                0.63893,                 2.0658,             8.1611e-05,             8.1611e-05,             8.1611e-05
                    175,                0.84549,                0.70779,                 1.4025,                0.92966,                0.91579,                0.95071,                 0.6215,                 1.3028,                0.66865,                 2.0706,             7.6959e-05,             7.6959e-05,             7.6959e-05
                    176,                0.84481,                0.69712,                 1.3727,                0.92546,                0.90712,                0.96163,                0.62931,                 1.3029,                0.65844,                 2.0577,             7.2467e-05,             7.2467e-05,             7.2467e-05
                    177,                0.85698,                0.70984,                 1.3739,                0.93597,                0.90814,                0.96299,                0.63225,                 1.2975,                0.64939,                 2.0611,             6.8134e-05,             6.8134e-05,             6.8134e-05
                    178,                0.83559,                 0.6908,                 1.3972,                0.93589,                0.91747,                0.95614,                0.62675,                 1.2987,                0.64142,                 2.0593,             6.3963e-05,             6.3963e-05,             6.3963e-05
                    179,                0.81686,                0.70642,                 1.3512,                0.94217,                0.90232,                0.95385,                0.62165,                 1.3081,                0.65725,                 2.0904,             5.9954e-05,             5.9954e-05,             5.9954e-05
                    180,                0.86548,                0.72863,                  1.428,                0.94337,                0.92044,                0.96139,                0.62572,                 1.3169,                0.66497,                 2.0868,             5.6108e-05,             5.6108e-05,             5.6108e-05
                    181,                0.81869,                0.69588,                 1.3677,                 0.9274,                0.90544,                0.95207,                0.62172,                 1.3042,                 0.6569,                   2.08,             5.2427e-05,             5.2427e-05,             5.2427e-05
                    182,                0.81899,                0.67982,                 1.3915,                0.90107,                0.93434,                0.95948,                0.62704,                  1.303,                0.66472,                 2.0757,              4.891e-05,              4.891e-05,              4.891e-05
                    183,                0.79925,                0.67281,                 1.3536,                0.93994,                0.89682,                0.95748,                0.63156,                 1.3098,                0.66658,                 2.0784,              4.556e-05,              4.556e-05,              4.556e-05
                    184,                0.80603,                0.67556,                 1.3508,                0.94374,                 0.9117,                0.95919,                0.62472,                 1.2991,                0.66219,                 2.0681,             4.2376e-05,             4.2376e-05,             4.2376e-05
                    185,                0.79981,                0.67388,                 1.3592,                0.95228,                0.91329,                0.96035,                0.62811,                 1.3008,                0.66229,                 2.0881,              3.936e-05,              3.936e-05,              3.936e-05
                    186,                0.79997,                0.66594,                 1.3488,                0.93279,                0.89234,                0.94776,                0.62267,                 1.3092,                 0.6617,                 2.1047,             3.6513e-05,             3.6513e-05,             3.6513e-05
                    187,                0.79095,                0.67081,                 1.3658,                0.89575,                0.92264,                 0.9478,                0.62187,                 1.3028,                0.66294,                 2.0822,             3.3834e-05,             3.3834e-05,             3.3834e-05
                    188,                0.80883,                0.66612,                 1.3612,                0.91969,                0.90288,                0.94819,                0.62479,                 1.2953,                0.66749,                 2.0827,             3.1325e-05,             3.1325e-05,             3.1325e-05
                    189,                 0.8326,                0.68522,                 1.3857,                0.94208,                 0.9024,                0.96009,                0.62797,                 1.2942,                0.65662,                 2.0943,             2.8987e-05,             2.8987e-05,             2.8987e-05
                    190,                0.83099,                0.68685,                 1.3646,                0.92034,                 0.9029,                0.94874,                0.62038,                 1.2988,                0.65531,                 2.0996,             2.6819e-05,             2.6819e-05,             2.6819e-05
                    191,                0.69272,                0.50666,                 1.3337,                0.94149,                0.89672,                0.94554,                0.60769,                 1.3121,                0.66451,                 2.1609,             2.4823e-05,             2.4823e-05,             2.4823e-05
                    192,                0.66409,                0.47634,                 1.2751,                 0.9401,                0.89214,                0.94408,                0.61149,                 1.3166,                0.66985,                 2.1806,             2.2999e-05,             2.2999e-05,             2.2999e-05
                    193,                0.68492,                0.48988,                 1.2864,                 0.9364,                0.90031,                0.94633,                0.60941,                 1.3195,                0.66592,                 2.1903,             2.1347e-05,             2.1347e-05,             2.1347e-05
                    194,                0.61589,                0.43652,                 1.2216,                0.92607,                0.91605,                0.94909,                0.61611,                 1.3152,                 0.6581,                 2.1774,             1.9868e-05,             1.9868e-05,             1.9868e-05
                    195,                0.66581,                0.45281,                 1.2683,                0.93735,                0.90488,                0.95042,                0.61809,                 1.3145,                0.65756,                 2.1828,             1.8562e-05,             1.8562e-05,             1.8562e-05
                    196,                0.64784,                0.44092,                 1.2518,                0.93957,                0.91404,                0.95197,                0.61875,                 1.3102,                0.65572,                 2.1698,             1.7429e-05,             1.7429e-05,             1.7429e-05
                    197,                0.65441,                0.42748,                 1.2614,                0.93233,                0.91478,                0.95117,                0.62028,                 1.3124,                0.65662,                 2.1633,             1.6471e-05,             1.6471e-05,             1.6471e-05
                    198,                0.62296,                0.44398,                 1.2184,                0.92592,                0.92511,                0.95504,                0.62488,                 1.3065,                0.64415,                 2.1611,             1.5686e-05,             1.5686e-05,             1.5686e-05
                    199,                0.69254,                0.44843,                 1.3069,                0.93341,                0.91473,                0.95439,                0.62461,                 1.3059,                0.63852,                 2.1616,             1.5075e-05,             1.5075e-05,             1.5075e-05
                    200,                0.65293,                0.44106,                 1.2603,                0.93457,                0.91126,                0.95239,                0.61721,                 1.3073,                0.64258,                 2.1577,             1.4639e-05,             1.4639e-05,             1.4639e-05
